n,mean,median,std,min,q05,q25,q75,q95,max,skew,excess_kurtosis,positive_share,zero_share,negative_share
416,0.21312242122629055,0.11440136660724895,0.36427364451023697,-0.3585185185185185,-0.1185490164735971,-0.013889770023790526,0.3193857959850606,0.8868096462521426,2.7039877300613497,2.361306397481936,8.644183654075904,0.7091346153846154,0.004807692307692308,0.2860576923076923
