split,n_early,n_late,mann_whitney_U,mann_whitney_p
pre-2024 vs 2024+ (EDA-01),194,222,24221.5,0.028062785757073876
pre-2025 vs 2025+ (corrected),284,132,24434.0,6.201547657780767e-07
