split,n_early,n_late,mann_whitney_U,mann_whitney_p
pre-2024 vs 2024+ (EDA-01),196,223,24563.5,0.028505802190803276
pre-2025 vs 2025+ (corrected),287,132,24728.0,5.051679970919655e-07
