variable,train (≤2023),val (2024),test (2025-26)
gmp_value,0.6894645750967087,0.7316306610936847,0.6860178910823703
sub_total,0.7582394373761545,0.6989533644268955,0.6503062203100466
brokers_avoid,-0.32050182523059606,-0.36297057167621166,-0.15257557459309978
brokers_subscribe,0.34739122240060666,0.23788657748335126,0.21305226488517057
nifty_30d_return,0.21035179166059448,0.2581558813852928,0.059260322416783855
nifty_7d_return,0.10224741494586957,0.2787550016565647,0.20135151067100165
borrowing,-0.19694678926184186,-0.2002224927584904,-0.0033980791673829036
assets,-0.23631013735726017,-0.16056418353985882,0.11315763384867443
