split,n,target_mean,target_median,target_std,target_positive_share
train (≤2023),196,0.2618725284456922,0.1546135265700483,0.4039706467882278,0.7346938775510204
val (2024),91,0.30243794219815556,0.2114736842105263,0.4014703911141291,0.7802197802197802
test (2025-26),132,0.07970176016153382,0.042280390417036295,0.20076838063221727,0.6287878787878788
