split,n,target_mean,target_median,target_std,target_positive_share
train (≤2023),194,0.26226375990468825,0.1546135265700483,0.40553453804806133,0.7319587628865979
val (2024),90,0.30287917185894314,0.20560526315789476,0.403697354183101,0.7777777777777778
test (2025-26),132,0.07970176016153382,0.042280390417036295,0.20076838063221727,0.6287878787878788
