variable,train (≤2023),val (2024),test (2025-26)
gmp_value,0.6923467103943695,0.7230585433639566,0.6860178910823703
sub_total,0.7515689678509028,0.6919043315245618,0.6503062203100466
brokers_avoid,-0.32563623259510477,-0.34562364372686666,-0.15257557459309978
brokers_subscribe,0.3461306228903431,0.2351859729461538,0.21305226488517057
nifty_30d_return,0.20888978321785853,0.2601537998600838,0.059260322416783855
nifty_7d_return,0.09563639190535354,0.2774368559982292,0.20135151067100165
borrowing,-0.18640094832041296,-0.19396577908271742,-0.0033980791673829036
assets,-0.23204993060101908,-0.15448061275437566,0.11315763384867443
